"Nom de la Station","FORT NELSON"
"Province","COLOMBIE-BRITANNIQUE"
"Latitude","58,84"
"Longitude","-122,57"
"Altitude","380,20"
"ID climatologique","1192948"
"ID de l'OMM","71594"
"ID de TC","VFN"
"Toutes les heures sont exprimées en heure normale locale (HNL). Pour convertir l'heure locale en heure avancée de l'Est (HAE), ajoutez 1 heure s'il y a lieu."

"Légende"
"E","Valeur estimée"
"M","Données manquantes"
"ND","Non disponible"

"Date/Heure","Année","Mois","Jour","Heure","Temp (°C)","Temp Indicateur","Point de rosée (°C)","Point de rosée Indicateur","Hum. rel (%)","Hum. rel. Indicateur","Dir. du vent (10s deg)","Dir. du vent Indicateur","Vit. du vent (km/h)","Vit. du vent Indicateur","Visibilité (km)","Visibilité Indicateur","Pression à la station (kPa)","Pression à la station Indicateur","Hmdx","Hmdx Indicateur","Refroid. éolien","Refroid. éolien Indicateur","Temps"
"2017-02-01 00:00","2017","02","01","00:00","-17,9","","-19,8","","85","","22","","4","","","","98,82","","","","-21","","ND"
"2017-02-01 01:00","2017","02","01","01:00","-18,1","","-19,6","","88","","20","","4","","","","98,86","","","","-21","","ND"
"2017-02-01 02:00","2017","02","01","02:00","-17,9","","-19,5","","88","","21","","4","","","","98,92","","","","-21","","ND"
"2017-02-01 03:00","2017","02","01","03:00","-20,6","","-22,8","","82","","20","","3","","","","98,98","","","","-23","","ND"
"2017-02-01 04:00","2017","02","01","04:00","-20,2","","-22,1","","85","","22","","3","","","","98,99","","","","-23","","ND"
"2017-02-01 05:00","2017","02","01","05:00","-21,3","","-23,5","","83","","21","","4","","","","99,01","","","","-25","","ND"
"2017-02-01 06:00","2017","02","01","06:00","-20,5","","-22,4","","84","","21","","6","","","","99,05","","","","-26","","ND"
"2017-02-01 07:00","2017","02","01","07:00","-19,9","","-21,9","","84","","21","","8","","","","99,09","","","","-26","","ND"
"2017-02-01 08:00","2017","02","01","08:00","-20,0","","-22,1","","83","","20","","8","","","","99,11","","","","-26","","ND"
"2017-02-01 09:00","2017","02","01","09:00","-20,5","","-22,6","","83","","19","","7","","","","99,14","","","","-26","","ND"
"2017-02-01 10:00","2017","02","01","10:00","-19,2","","-21,7","","81","","19","","7","","","","99,14","","","","-25","","ND"
"2017-02-01 11:00","2017","02","01","11:00","-17,7","","-20,5","","79","","20","","8","","","","99,16","","","","-24","","ND"
"2017-02-01 12:00","2017","02","01","12:00","-15,3","","-20,1","","67","","19","","6","","","","99,14","","","","-20","","ND"
"2017-02-01 13:00","2017","02","01","13:00","-13,0","","-19,3","","59","","17","","5","","","","99,14","","","","-16","","ND"
"2017-02-01 14:00","2017","02","01","14:00","-11,7","","-18,8","","55","","19","","3","","","","99,12","","","","-14","","ND"
"2017-02-01 15:00","2017","02","01","15:00","-11,0","","-18,3","","55","","20","","5","","","","99,11","","","","-14","","ND"
"2017-02-01 16:00","2017","02","01","16:00","-11,5","","-17,8","","60","","22","","3","","","","99,10","","","","-13","","ND"
"2017-02-01 17:00","2017","02","01","17:00","-13,1","","-17,7","","68","","24","","2","","","","99,08","","","","-14","","ND"
"2017-02-01 18:00","2017","02","01","18:00","-15,7","","-18,8","","77","","19","","1","","","","99,08","","","","-16","","ND"
"2017-02-01 19:00","2017","02","01","19:00","-15,1","","-17,9","","79","","19","","3","","","","99,06","","","","-17","","ND"
"2017-02-01 20:00","2017","02","01","20:00","-15,6","","-18,1","","82","","20","","2","","","","99,05","","","","-17","","ND"
"2017-02-01 21:00","2017","02","01","21:00","-15,4","","-17,7","","82","","17","","2","","","","99,07","","","","-17","","ND"
"2017-02-01 22:00","2017","02","01","22:00","-15,6","","-18,2","","80","","19","","3","","","","99,06","","","","-18","","ND"
"2017-02-01 23:00","2017","02","01","23:00","-14,9","","-17,6","","80","","19","","6","","","","99,04","","","","-19","","ND"
"2017-02-02 00:00","2017","02","02","00:00","-15,2","","-17,9","","80","","22","","3","","","","99,02","","","","-17","","ND"
"2017-02-02 01:00","2017","02","02","01:00","-16,3","","-18,8","","81","","17","","1","","","","99,00","","","","-17","","ND"
"2017-02-02 02:00","2017","02","02","02:00","-15,3","","-17,8","","82","","21","","1","","","","99,02","","","","-16","","ND"
"2017-02-02 03:00","2017","02","02","03:00","-16,1","","-18,7","","81","","21","","4","","","","98,99","","","","-19","","ND"
"2017-02-02 04:00","2017","02","02","04:00","-16,4","","-18,7","","83","","","","0","","","","98,96","","","","","","ND"
"2017-02-02 05:00","2017","02","02","05:00","-16,3","","-18,5","","84","","19","","3","","","","98,92","","","","-19","","ND"
"2017-02-02 06:00","2017","02","02","06:00","-16,2","","-18,5","","82","","21","","3","","","","98,87","","","","-18","","ND"
"2017-02-02 07:00","2017","02","02","07:00","-15,9","","-18,2","","83","","19","","3","","","","98,85","","","","-18","","ND"
"2017-02-02 08:00","2017","02","02","08:00","-15,3","","-17,8","","81","","22","","2","","","","98,82","","","","-17","","ND"
"2017-02-02 09:00","2017","02","02","09:00","-14,6","","-17,2","","81","","19","","5","","","","98,79","","","","-18","","ND"
"2017-02-02 10:00","2017","02","02","10:00","-14,3","","-17,1","","79","","16","","2","","","","98,76","","","","-16","","ND"
"2017-02-02 11:00","2017","02","02","11:00","-13,2","","-16,7","","75","","14","","1","","","","98,73","","","","-14","","ND"
"2017-02-02 12:00","2017","02","02","12:00","-12,1","","-16,0","","73","","19","","3","","","","98,67","","","","-14","","ND"
"2017-02-02 13:00","2017","02","02","13:00","-10,8","","-15,1","","71","","20","","2","","","","98,63","","","","-12","","ND"
"2017-02-02 14:00","2017","02","02","14:00","-10,0","","-13,0","","79","","18","","3","","","","98,57","","","","-12","","ND"
"2017-02-02 15:00","2017","02","02","15:00","-10,0","","-12,0","","85","","19","","1","","","","98,52","","","","-11","","ND"
"2017-02-02 16:00","2017","02","02","16:00","-9,8","","-11,3","","89","","","","0","","","","98,47","","","","","","ND"
"2017-02-02 17:00","2017","02","02","17:00","-9,1","","-10,5","","90","","36","","5","","","","98,44","","","","-12","","ND"
"2017-02-02 18:00","2017","02","02","18:00","-9,8","","-11,1","","90","","0","","1","","","","98,43","","","","-10","","ND"
"2017-02-02 19:00","2017","02","02","19:00","-9,4","","-10,6","","90","","35","","4","","","","98,44","","","","-12","","ND"
"2017-02-02 20:00","2017","02","02","20:00","-9,2","","-10,4","","91","","1","","7","","","","98,46","","","","-13","","ND"
"2017-02-02 21:00","2017","02","02","21:00","-9,1","","-11,2","","85","","3","","12","","","","98,50","","","","-15","","ND"
"2017-02-02 22:00","2017","02","02","22:00","-9,9","","-11,7","","87","","3","","12","","","","98,55","","","","-16","","ND"
"2017-02-02 23:00","2017","02","02","23:00","-10,2","","-11,8","","88","","2","","8","","","","98,58","","","","-15","","ND"
"2017-02-03 00:00","2017","02","03","00:00","-11,2","","-12,7","","89","","34","","8","","","","98,57","","","","-16","","ND"
"2017-02-03 01:00","2017","02","03","01:00","-12,0","","-13,8","","87","","32","","7","","","","98,56","","","","-16","","ND"
"2017-02-03 02:00","2017","02","03","02:00","-14,0","","-15,4","","89","","31","","8","","","","98,52","","","","-19","","ND"
"2017-02-03 03:00","2017","02","03","03:00","-14,9","","-16,1","","91","","25","","10","","","","98,44","","","","-21","","ND"
"2017-02-03 04:00","2017","02","03","04:00","-15,0","","-16,6","","87","","34","","5","","","","98,40","","","","-19","","ND"
"2017-02-03 05:00","2017","02","03","05:00","-15,5","","-17,0","","89","","21","","5","","","","98,31","","","","-19","","ND"
"2017-02-03 06:00","2017","02","03","06:00","-16,9","","-18,8","","85","","22","","5","","","","98,25","","","","-21","","ND"
"2017-02-03 07:00","2017","02","03","07:00","-17,7","","-19,5","","86","","21","","2","","","","98,20","","","","-19","","ND"
"2017-02-03 08:00","2017","02","03","08:00","-16,6","","-18,4","","86","","20","","9","","","","98,13","","","","-23","","ND"
"2017-02-03 09:00","2017","02","03","09:00","-17,1","","-18,9","","86","","18","","6","","","","98,10","","","","-22","","ND"
"2017-02-03 10:00","2017","02","03","10:00","-15,7","","-17,7","","85","","17","","5","","","","98,08","","","","-19","","ND"
"2017-02-03 11:00","2017","02","03","11:00","-14,9","","-17,3","","82","","14","","1","","","","98,10","","","","-16","","ND"
"2017-02-03 12:00","2017","02","03","12:00","-13,4","","-16,8","","75","","6","","3","","","","98,09","","","","-15","","ND"
"2017-02-03 13:00","2017","02","03","13:00","-12,0","","-16,4","","70","","23","","3","","","","98,05","","","","-14","","ND"
"2017-02-03 14:00","2017","02","03","14:00","-10,3","","-14,5","","71","","35","","9","","","","98,04","","","","-15","","ND"
"2017-02-03 15:00","2017","02","03","15:00","-10,3","","-14,8","","70","","33","","13","","","","98,02","","","","-17","","ND"
"2017-02-03 16:00","2017","02","03","16:00","-12,4","","-15,6","","77","","33","","6","","","","98,04","","","","-16","","ND"
"2017-02-03 17:00","2017","02","03","17:00","-12,6","","-15,5","","79","","32","","10","","","","98,04","","","","-18","","ND"
"2017-02-03 18:00","2017","02","03","18:00","-12,1","","-14,8","","81","","32","","6","","","","98,06","","","","-16","","ND"
"2017-02-03 19:00","2017","02","03","19:00","-13,0","","-15,9","","79","","31","","8","","","","98,06","","","","-18","","ND"
"2017-02-03 20:00","2017","02","03","20:00","-13,8","","-16,1","","83","","33","","4","","","","98,06","","","","-17","","ND"
"2017-02-03 21:00","2017","02","03","21:00","-12,8","","-15,6","","80","","31","","7","","","","98,05","","","","-17","","ND"
"2017-02-03 22:00","2017","02","03","22:00","-14,1","","-16,4","","83","","23","","4","","","","98,05","","","","-17","","ND"
"2017-02-03 23:00","2017","02","03","23:00","-14,6","","-17,1","","81","","","","0","","","","98,03","","","","","","ND"
"2017-02-04 00:00","2017","02","04","00:00","-16,0","","-17,5","","88","","20","","1","","","","97,97","","","","-17","","ND"
"2017-02-04 01:00","2017","02","04","01:00","-15,3","","-17,2","","86","","21","","8","","","","97,88","","","","-21","","ND"
"2017-02-04 02:00","2017","02","04","02:00","-15,6","","-17,4","","87","","21","","4","","","","97,83","","","","-19","","ND"
"2017-02-04 03:00","2017","02","04","03:00","-15,6","","-17,6","","85","","16","","3","","","","97,73","","","","-18","","ND"
"2017-02-04 04:00","2017","02","04","04:00","-16,8","","-18,4","","87","","16","","3","","","","97,62","","","","-19","","ND"
"2017-02-04 05:00","2017","02","04","05:00","-17,6","","-19,2","","87","","18","","2","","","","97,57","","","","-19","","ND"
"2017-02-04 06:00","2017","02","04","06:00","-17,4","","-19,3","","85","","27","","2","","","","97,51","","","","-19","","ND"
"2017-02-04 07:00","2017","02","04","07:00","-16,6","","-18,3","","86","","14","","3","","","","97,43","","","","-19","","ND"
"2017-02-04 08:00","2017","02","04","08:00","-14,9","","-16,7","","87","","14","","2","","","","97,42","","","","-16","","ND"
"2017-02-04 09:00","2017","02","04","09:00","-10,1","","-12,3","","84","","30","","9","","","","97,38","","","","-15","","ND"
"2017-02-04 10:00","2017","02","04","10:00","-11,6","","-14,1","","82","","3","","5","","","","97,43","","","","-15","","ND"
"2017-02-04 11:00","2017","02","04","11:00","-11,5","","-14,0","","82","","7","","6","","","","97,45","","","","-15","","ND"
"2017-02-04 12:00","2017","02","04","12:00","-8,8","","-12,9","","72","","33","","9","","","","97,49","","","","-13","","ND"
"2017-02-04 13:00","2017","02","04","13:00","-9,0","","-11,2","","84","","32","","19","","","","97,49","","","","-16","","ND"
"2017-02-04 14:00","2017","02","04","14:00","-8,8","","-11,7","","80","","33","","16","","","","97,51","","","","-16","","ND"
"2017-02-04 15:00","2017","02","04","15:00","-8,8","","-12,2","","76","","34","","17","","","","97,56","","","","-16","","ND"
"2017-02-04 16:00","2017","02","04","16:00","-9,2","","-12,3","","78","","33","","15","","","","97,62","","","","-16","","ND"
"2017-02-04 17:00","2017","02","04","17:00","-10,2","","-13,0","","80","","33","","9","","","","97,67","","","","-15","","ND"
"2017-02-04 18:00","2017","02","04","18:00","-10,7","","-13,3","","81","","2","","10","","","","97,75","","","","-16","","ND"
"2017-02-04 19:00","2017","02","04","19:00","-11,3","","-16,0","","68","","1","","14","","","","97,83","","","","-18","","ND"
"2017-02-04 20:00","2017","02","04","20:00","-12,3","","-17,0","","68","","1","","17","","","","97,91","","","","-20","","ND"
"2017-02-04 21:00","2017","02","04","21:00","-13,5","","-17,7","","71","","36","","15","","","","97,94","","","","-21","","ND"
"2017-02-04 22:00","2017","02","04","22:00","-14,5","","-18,3","","72","","36","","12","","","","97,95","","","","-21","","ND"
"2017-02-04 23:00","2017","02","04","23:00","-15,9","","-19,2","","76","","1","","9","","","","97,95","","","","-22","","ND"
"2017-02-05 00:00","2017","02","05","00:00","-17,7","","-21,2","","74","","34","","7","","","","97,99","","","","-23","","ND"
"2017-02-05 01:00","2017","02","05","01:00","-19,7","","-21,6","","85","","36","","1","","","","98,00","","","","-21","","ND"
"2017-02-05 02:00","2017","02","05","02:00","-21,6","","-23,9","","82","","0","","1","","","","97,97","","","","-22","","ND"
"2017-02-05 03:00","2017","02","05","03:00","-20,6","","-22,9","","82","","0","","1","","","","97,92","","","","-21","","ND"
"2017-02-05 04:00","2017","02","05","04:00","-20,0","","-22,4","","81","","31","","2","","","","97,88","","","","-22","","ND"
"2017-02-05 05:00","2017","02","05","05:00","-20,8","","-23,3","","81","","","","0","","","","97,83","","","","","","ND"
"2017-02-05 06:00","2017","02","05","06:00","-20,3","","-23,6","","75","","18","","4","","","","97,76","","","","-24","","ND"
"2017-02-05 07:00","2017","02","05","07:00","-21,6","","-24,4","","78","","16","","3","","","","97,72","","","","-24","","ND"
"2017-02-05 08:00","2017","02","05","08:00","-22,1","","-24,4","","82","","","","0","","","","97,69","","","","","","ND"
"2017-02-05 09:00","2017","02","05","09:00","-22,7","","-25,1","","80","","18","","1","","","","97,66","","","","-24","","ND"
"2017-02-05 10:00","2017","02","05","10:00","-20,6","","-24,2","","72","","19","","2","","","","97,63","","","","-22","","ND"
"2017-02-05 11:00","2017","02","05","11:00","-18,6","","-23,2","","67","","16","","2","","","","97,59","","","","-20","","ND"
"2017-02-05 12:00","2017","02","05","12:00","-17,0","","-21,3","","70","","","","0","","","","97,54","","","","","","ND"
"2017-02-05 13:00","2017","02","05","13:00","-15,9","","-19,9","","72","","33","","2","","","","97,49","","","","-17","","ND"
"2017-02-05 14:00","2017","02","05","14:00","-15,4","","-19,0","","73","","","","0","","","","97,40","","","","","","ND"
"2017-02-05 15:00","2017","02","05","15:00","-14,8","","-18,2","","76","","0","","1","","","","97,36","","","","-16","","ND"
"2017-02-05 16:00","2017","02","05","16:00","-15,0","","-18,0","","78","","","","0","","","","97,30","","","","","","ND"
"2017-02-05 17:00","2017","02","05","17:00","-16,6","","-18,6","","85","","0","","1","","","","97,25","","","","-17","","ND"
"2017-02-05 18:00","2017","02","05","18:00","-17,3","","-19,1","","86","","27","","2","","","","97,21","","","","-19","","ND"
"2017-02-05 19:00","2017","02","05","19:00","-17,6","","-19,2","","87","","4","","1","","","","97,16","","","","-18","","ND"
"2017-02-05 20:00","2017","02","05","20:00","-18,4","","-20,2","","86","","3","","1","","","","97,13","","","","-19","","ND"
"2017-02-05 21:00","2017","02","05","21:00","-19,5","","-21,5","","84","","29","","3","","","","97,10","","","","-22","","ND"
"2017-02-05 22:00","2017","02","05","22:00","-19,2","","-21,3","","84","","34","","4","","","","97,12","","","","-23","","ND"
"2017-02-05 23:00","2017","02","05","23:00","-17,9","","-19,9","","84","","1","","5","","","","97,15","","","","-22","","ND"
"2017-02-06 00:00","2017","02","06","00:00","-19,4","","-21,5","","83","","1","","2","","","","97,19","","","","-21","","ND"
"2017-02-06 01:00","2017","02","06","01:00","-18,9","","-20,9","","84","","17","","3","","","","97,23","","","","-21","","ND"
"2017-02-06 02:00","2017","02","06","02:00","-15,4","","-17,3","","85","","36","","9","","","","97,27","","","","-21","","ND"
"2017-02-06 03:00","2017","02","06","03:00","-14,4","","-17,2","","79","","36","","10","","","","97,34","","","","-21","","ND"
"2017-02-06 04:00","2017","02","06","04:00","-14,9","","-17,8","","79","","35","","11","","","","97,42","","","","-21","","ND"
"2017-02-06 05:00","2017","02","06","05:00","-15,6","","-18,6","","78","","35","","14","","","","97,46","","","","-23","","ND"
"2017-02-06 06:00","2017","02","06","06:00","-15,7","","-18,4","","79","","35","","11","","","","97,50","","","","-22","","ND"
"2017-02-06 07:00","2017","02","06","07:00","-15,9","","-18,6","","79","","36","","14","","","","97,54","","","","-24","","ND"
"2017-02-06 08:00","2017","02","06","08:00","-16,4","","-19,3","","78","","36","","12","","","","97,60","","","","-24","","ND"
"2017-02-06 09:00","2017","02","06","09:00","-16,5","","-19,4","","78","","1","","11","","","","97,67","","","","-23","","ND"
"2017-02-06 10:00","2017","02","06","10:00","-16,1","","-19,4","","76","","36","","7","","","","97,72","","","","-21","","ND"
"2017-02-06 11:00","2017","02","06","11:00","-15,8","","-19,4","","73","","34","","9","","","","97,75","","","","-22","","ND"
"2017-02-06 12:00","2017","02","06","12:00","-15,4","","-19,6","","71","","35","","10","","","","97,78","","","","-22","","ND"
"2017-02-06 13:00","2017","02","06","13:00","-15,4","","-20,1","","67","","36","","9","","","","97,76","","","","-21","","ND"
"2017-02-06 14:00","2017","02","06","14:00","-14,9","","-19,6","","68","","33","","12","","","","97,76","","","","-22","","ND"
"2017-02-06 15:00","2017","02","06","15:00","-15,1","","-20,5","","63","","1","","6","","","","97,75","","","","-19","","ND"
"2017-02-06 16:00","2017","02","06","16:00","-14,9","","-19,3","","69","","33","","6","","","","97,75","","","","-19","","ND"
"2017-02-06 17:00","2017","02","06","17:00","-16,5","","-20,0","","75","","31","","5","","","","97,76","","","","-20","","ND"
"2017-02-06 18:00","2017","02","06","18:00","-19,4","","-21,4","","84","","27","","8","","","","97,73","","","","-26","","ND"
"2017-02-06 19:00","2017","02","06","19:00","-20,5","","-22,9","","81","","22","","2","","","","97,71","","","","-22","","ND"
"2017-02-06 20:00","2017","02","06","20:00","-22,1","","-24,4","","82","","26","","4","","","","97,69","","","","-26","","ND"
"2017-02-06 21:00","2017","02","06","21:00","-21,7","","-23,7","","84","","20","","7","","","","97,68","","","","-28","","ND"
"2017-02-06 22:00","2017","02","06","22:00","-19,8","","-21,9","","83","","20","","11","","","","97,66","","","","-27","","ND"
"2017-02-06 23:00","2017","02","06","23:00","-20,5","","-22,5","","84","","19","","8","","","","97,63","","","","-27","","ND"
"2017-02-07 00:00","2017","02","07","00:00","-20,7","","-22,9","","83","","19","","11","","","","97,58","","","","-28","","ND"
"2017-02-07 01:00","2017","02","07","01:00","-20,9","","-23,2","","82","","19","","9","","","","97,56","","","","-28","","ND"
"2017-02-07 02:00","2017","02","07","02:00","-20,4","","-22,8","","81","","20","","13","","","","97,52","","","","-29","","ND"
"2017-02-07 03:00","2017","02","07","03:00","-20,4","","-22,8","","81","","19","","9","","","","97,51","","","","-27","","ND"
"2017-02-07 04:00","2017","02","07","04:00","-20,2","","-22,5","","82","","20","","8","","","","97,50","","","","-26","","ND"
"2017-02-07 05:00","2017","02","07","05:00","-19,9","","-22,3","","81","","20","","7","","","","97,47","","","","-26","","ND"
"2017-02-07 06:00","2017","02","07","06:00","-19,7","","-21,9","","83","","18","","7","","","","97,43","","","","-25","","ND"
"2017-02-07 07:00","2017","02","07","07:00","-19,8","","-22,0","","83","","19","","4","","","","97,42","","","","-23","","ND"
"2017-02-07 08:00","2017","02","07","08:00","-19,5","","-21,8","","83","","18","","3","","","","97,43","","","","-22","","ND"
"2017-02-07 09:00","2017","02","07","09:00","-19,0","","-21,3","","82","","23","","3","","","","97,46","","","","-21","","ND"
"2017-02-07 10:00","2017","02","07","10:00","-18,6","","-20,9","","82","","17","","4","","","","97,46","","","","-22","","ND"
"2017-02-07 11:00","2017","02","07","11:00","-17,8","","-20,3","","81","","18","","5","","","","97,49","","","","-22","","ND"
"2017-02-07 12:00","2017","02","07","12:00","-16,2","","-18,7","","81","","18","","5","","","","97,49","","","","-20","","ND"
"2017-02-07 13:00","2017","02","07","13:00","-14,0","","-17,2","","77","","20","","3","","","","97,48","","","","-16","","ND"
"2017-02-07 14:00","2017","02","07","14:00","-12,6","","-15,4","","79","","18","","3","","","","97,48","","","","-15","","ND"
"2017-02-07 15:00","2017","02","07","15:00","-11,4","","-15,6","","71","","24","","5","","","","97,45","","","","-15","","ND"
"2017-02-07 16:00","2017","02","07","16:00","-11,2","","-15,3","","72","","25","","8","","","","97,43","","","","-16","","ND"
"2017-02-07 17:00","2017","02","07","17:00","-13,0","","-15,1","","84","","25","","8","","","","97,40","","","","-18","","ND"
"2017-02-07 18:00","2017","02","07","18:00","-14,9","","-16,4","","88","","23","","6","","","","97,37","","","","-19","","ND"
"2017-02-07 19:00","2017","02","07","19:00","-16,8","","-18,1","","89","","22","","6","","","","97,36","","","","-21","","ND"
"2017-02-07 20:00","2017","02","07","20:00","-17,6","","-19,0","","89","","19","","6","","","","97,31","","","","-22","","ND"
"2017-02-07 21:00","2017","02","07","21:00","-17,3","","-18,8","","88","","20","","7","","","","97,28","","","","-23","","ND"
"2017-02-07 22:00","2017","02","07","22:00","-18,0","","-19,8","","86","","20","","8","","","","97,24","","","","-24","","ND"
"2017-02-07 23:00","2017","02","07","23:00","-18,0","","-20,0","","85","","21","","10","","","","97,22","","","","-25","","ND"
"2017-02-08 00:00","2017","02","08","00:00","-18,0","","-19,8","","86","","21","","12","","","","97,15","","","","-26","","ND"
"2017-02-08 01:00","2017","02","08","01:00","-19,3","","-21,3","","84","","20","","10","","","","97,08","","","","-26","","ND"
"2017-02-08 02:00","2017","02","08","02:00","-19,9","","-22,1","","83","","21","","8","","","","97,01","","","","-26","","ND"
"2017-02-08 03:00","2017","02","08","03:00","-20,4","","-22,7","","82","","21","","8","","","","96,95","","","","-27","","ND"
"2017-02-08 04:00","2017","02","08","04:00","-20,5","","-22,7","","83","","20","","5","","","","96,86","","","","-25","","ND"
"2017-02-08 05:00","2017","02","08","05:00","-20,7","","-22,9","","83","","20","","6","","","","96,76","","","","-26","","ND"
"2017-02-08 06:00","2017","02","08","06:00","-22,3","","-24,6","","82","","20","","9","","","","96,66","","","","-29","","ND"
"2017-02-08 07:00","2017","02","08","07:00","-22,7","","-24,9","","82","","20","","9","","","","96,56","","","","-30","","ND"
"2017-02-08 08:00","2017","02","08","08:00","-23,3","","-25,7","","81","","19","","10","","","","96,51","","","","-31","","ND"
"2017-02-08 09:00","2017","02","08","09:00","-22,6","","-25,0","","81","","20","","12","","","","96,43","","","","-31","","ND"
"2017-02-08 10:00","2017","02","08","10:00","-21,5","","-24,2","","79","","18","","9","","","","96,41","","","","-29","","ND"
"2017-02-08 11:00","2017","02","08","11:00","-18,7","","-21,5","","79","","20","","7","","","","96,37","","","","-24","","ND"
"2017-02-08 12:00","2017","02","08","12:00","-15,6","","-20,0","","69","","19","","11","","","","96,31","","","","-22","","ND"
"2017-02-08 13:00","2017","02","08","13:00","-13,0","","-18,9","","61","","18","","7","","","","96,25","","","","-18","","ND"
"2017-02-08 14:00","2017","02","08","14:00","-10,6","","-17,6","","57","","19","","8","","","","96,21","","","","-15","","ND"
"2017-02-08 15:00","2017","02","08","15:00","-9,4","","-16,9","","54","","18","","6","","","","96,17","","","","-13","","ND"
"2017-02-08 16:00","2017","02","08","16:00","-9,8","","-16,8","","57","","20","","6","","","","96,15","","","","-13","","ND"
"2017-02-08 17:00","2017","02","08","17:00","-11,5","","-16,7","","65","","19","","4","","","","96,13","","","","-14","","ND"
"2017-02-08 18:00","2017","02","08","18:00","-14,1","","-17,2","","77","","22","","8","","","","96,10","","","","-19","","ND"
"2017-02-08 19:00","2017","02","08","19:00","-15,6","","-18,1","","81","","12","","1","","","","96,08","","","","-16","","ND"
"2017-02-08 20:00","2017","02","08","20:00","-16,0","","-17,8","","86","","18","","5","","","","96,05","","","","-20","","ND"
"2017-02-08 21:00","2017","02","08","21:00","-18,0","","-19,6","","87","","25","","3","","","","96,02","","","","-20","","ND"
"2017-02-08 22:00","2017","02","08","22:00","-20,1","","-22,3","","82","","0","","1","","","","95,99","","","","-21","","ND"
"2017-02-08 23:00","2017","02","08","23:00","-20,6","","-22,7","","84","","0","","1","","","","95,94","","","","-21","","ND"
"2017-02-09 00:00","2017","02","09","00:00","-20,8","","-22,9","","83","","22","","4","","","","95,93","","","","-24","","ND"
"2017-02-09 01:00","2017","02","09","01:00","-21,2","","-23,3","","83","","19","","7","","","","95,86","","","","-27","","ND"
"2017-02-09 02:00","2017","02","09","02:00","-20,8","","-22,9","","83","","23","","4","","","","95,77","","","","-24","","ND"
"2017-02-09 03:00","2017","02","09","03:00","-22,1","","-24,4","","82","","19","","3","","","","95,72","","","","-25","","ND"
"2017-02-09 04:00","2017","02","09","04:00","-22,8","","-25,1","","81","","19","","5","","","","95,68","","","","-27","","ND"
"2017-02-09 05:00","2017","02","09","05:00","-24,0","","-26,6","","79","","20","","2","","","","95,60","","","","-26","","ND"
"2017-02-09 06:00","2017","02","09","06:00","-24,7","","-27,2","","79","","19","","4","","","","95,56","","","","-29","","ND"
"2017-02-09 07:00","2017","02","09","07:00","-24,9","","-27,6","","79","","20","","3","","","","95,52","","","","-28","","ND"
"2017-02-09 08:00","2017","02","09","08:00","-25,8","","-28,6","","78","","3","","4","","","","95,47","","","","-30","","ND"
"2017-02-09 09:00","2017","02","09","09:00","-25,8","","-28,6","","77","","20","","1","","","","95,46","","","","-27","","ND"
"2017-02-09 10:00","2017","02","09","10:00","-22,7","","-25,4","","79","","","","0","","","","95,47","","","","","","ND"
"2017-02-09 11:00","2017","02","09","11:00","-21,3","","-24,0","","79","","16","","3","","","","95,48","","","","-24","","ND"
"2017-02-09 12:00","2017","02","09","12:00","-18,5","","-22,0","","74","","18","","2","","","","95,44","","","","-20","","ND"
"2017-02-09 13:00","2017","02","09","13:00","-16,6","","-22,0","","63","","18","","5","","","","95,35","","","","-20","","ND"
"2017-02-09 14:00","2017","02","09","14:00","-14,9","","-21,1","","59","","21","","2","","","","95,32","","","","-16","","ND"
"2017-02-09 15:00","2017","02","09","15:00","-13,5","","-18,7","","65","","4","","7","","","","95,29","","","","-18","","ND"
"2017-02-09 16:00","2017","02","09","16:00","-13,3","","-18,1","","67","","2","","8","","","","95,25","","","","-18","","ND"
"2017-02-09 17:00","2017","02","09","17:00","-14,5","","-18,2","","73","","36","","4","","","","95,25","","","","-17","","ND"
"2017-02-09 18:00","2017","02","09","18:00","-16,9","","-19,3","","82","","36","","4","","","","95,26","","","","-20","","ND"
"2017-02-09 19:00","2017","02","09","19:00","-17,6","","-19,5","","85","","","","0","","","","95,26","","","","","","ND"
"2017-02-09 20:00","2017","02","09","20:00","-19,8","","-21,7","","85","","","","0","","","","95,29","","","","","","ND"
"2017-02-09 21:00","2017","02","09","21:00","-19,4","","-21,0","","87","","3","","2","","","","95,28","","","","-21","","ND"
"2017-02-09 22:00","2017","02","09","22:00","-21,6","","-23,7","","83","","34","","4","","","","95,31","","","","-25","","ND"
"2017-02-09 23:00","2017","02","09","23:00","-22,5","","-24,8","","81","","3","","3","","","","95,32","","","","-25","","ND"
"2017-02-10 00:00","2017","02","10","00:00","-24,1","","-26,7","","79","","29","","1","","","","95,35","","","","-25","","ND"
"2017-02-10 01:00","2017","02","10","01:00","-25,3","","-28,1","","78","","0","","1","","","","95,33","","","","-26","","ND"
"2017-02-10 02:00","2017","02","10","02:00","-25,5","","-28,1","","79","","","","0","","","","95,31","","","","","","ND"
"2017-02-10 03:00","2017","02","10","03:00","-26,6","","-29,5","","77","","","","0","","","","95,30","","","","","","ND"
"2017-02-10 04:00","2017","02","10","04:00","-25,5","","-28,1","","78","","","","0","","","","95,30","","","","","","ND"
"2017-02-10 05:00","2017","02","10","05:00","-24,3","","-26,9","","79","","","","0","","","","95,30","","","","","","ND"
"2017-02-10 06:00","2017","02","10","06:00","-23,7","","-26,2","","80","","31","","2","","","","95,29","","","","-26","","ND"
"2017-02-10 07:00","2017","02","10","07:00","-22,9","","-25,4","","80","","0","","1","","","","95,30","","","","-24","","ND"
"2017-02-10 08:00","2017","02","10","08:00","-23,2","","-25,7","","80","","","","0","","","","95,33","","","","","","ND"
"2017-02-10 09:00","2017","02","10","09:00","-23,9","","-26,3","","80","","","","0","","","","95,37","","","","","","ND"
"2017-02-10 10:00","2017","02","10","10:00","-21,2","","-23,5","","81","","23","","4","","","","95,37","","","","-25","","ND"
"2017-02-10 11:00","2017","02","10","11:00","-21,0","","-23,6","","80","","19","","5","","","","95,35","","","","-25","","ND"
"2017-02-10 12:00","2017","02","10","12:00","-20,1","","-22,5","","81","","19","","5","","","","95,34","","","","-24","","ND"
"2017-02-10 13:00","2017","02","10","13:00","-18,6","","-21,8","","76","","19","","4","","","","95,32","","","","-22","","ND"
"2017-02-10 14:00","2017","02","10","14:00","-17,9","","-20,7","","79","","16","","3","","","","95,34","","","","-20","","ND"
"2017-02-10 15:00","2017","02","10","15:00","-17,2","","-20,1","","78","","5","","1","","","","95,37","","","","-18","","ND"
"2017-02-10 16:00","2017","02","10","16:00","-17,1","","-19,7","","80","","4","","2","","","","95,38","","","","-19","","ND"
"2017-02-10 17:00","2017","02","10","17:00","-17,6","","-19,9","","82","","9","","4","","","","95,39","","","","-21","","ND"
"2017-02-10 18:00","2017","02","10","18:00","-18,2","","-20,5","","82","","4","","5","","","","95,43","","","","-22","","ND"
"2017-02-10 19:00","2017","02","10","19:00","-18,7","","-20,8","","84","","","","0","","","","95,44","","","","","","ND"
"2017-02-10 20:00","2017","02","10","20:00","-18,7","","-20,7","","84","","23","","6","","","","95,49","","","","-24","","ND"
"2017-02-10 21:00","2017","02","10","21:00","-18,1","","-20,3","","83","","23","","2","","","","95,49","","","","-20","","ND"
"2017-02-10 22:00","2017","02","10","22:00","-18,1","","-20,1","","84","","18","","3","","","","95,51","","","","-21","","ND"
"2017-02-10 23:00","2017","02","10","23:00","-19,2","","-21,1","","85","","19","","4","","","","95,53","","","","-23","","ND"
"2017-02-11 00:00","2017","02","11","00:00","-20,9","","-22,7","","85","","20","","2","","","","95,54","","","","-23","","ND"
"2017-02-11 01:00","2017","02","11","01:00","-22,6","","-25,0","","81","","23","","1","","","","95,55","","","","-24","","ND"
"2017-02-11 02:00","2017","02","11","02:00","-23,7","","-26,0","","81","","27","","1","","","","95,55","","","","-25","","ND"
"2017-02-11 03:00","2017","02","11","03:00","-24,5","","-27,0","","80","","25","","2","","","","95,56","","","","-26","","ND"
"2017-02-11 04:00","2017","02","11","04:00","-24,7","","-27,0","","81","","24","","1","","","","95,57","","","","-26","","ND"
"2017-02-11 05:00","2017","02","11","05:00","-24,1","","-26,2","","82","","18","","5","","","","95,60","","","","-29","","ND"
"2017-02-11 06:00","2017","02","11","06:00","-25,0","","-27,5","","80","","20","","5","","","","95,63","","","","-30","","ND"
"2017-02-11 07:00","2017","02","11","07:00","-24,6","","-27,0","","80","","19","","8","","","","95,64","","","","-32","","ND"
"2017-02-11 08:00","2017","02","11","08:00","-23,5","","-26,0","","80","","19","","9","","","","95,66","","","","-31","","ND"
"2017-02-11 09:00","2017","02","11","09:00","-23,2","","-25,8","","79","","19","","9","","","","95,69","","","","-31","","ND"
"2017-02-11 10:00","2017","02","11","10:00","-22,1","","-24,8","","79","","19","","6","","","","95,76","","","","-27","","ND"
"2017-02-11 11:00","2017","02","11","11:00","-20,4","","-23,2","","78","","18","","5","","","","95,79","","","","-25","","ND"
"2017-02-11 12:00","2017","02","11","12:00","-18,5","","-22,0","","74","","19","","4","","","","95,82","","","","-22","","ND"
"2017-02-11 13:00","2017","02","11","13:00","-15,7","","-19,6","","72","","18","","3","","","","95,82","","","","-18","","ND"
"2017-02-11 14:00","2017","02","11","14:00","-13,7","","-18,0","","70","","21","","3","","","","95,80","","","","-16","","ND"
"2017-02-11 15:00","2017","02","11","15:00","-12,3","","-15,5","","77","","27","","4","","","","95,76","","","","-15","","ND"
"2017-02-11 16:00","2017","02","11","16:00","-12,9","","-16,6","","74","","19","","4","","","","95,68","","","","-16","","ND"
"2017-02-11 17:00","2017","02","11","17:00","-12,4","","-16,8","","69","","17","","4","","","","95,59","","","","-15","","ND"
"2017-02-11 18:00","2017","02","11","18:00","-10,9","","-13,4","","82","","23","","5","","","","95,51","","","","-14","","ND"
"2017-02-11 19:00","2017","02","11","19:00","-11,8","","-16,9","","66","","19","","9","","","","95,42","","","","-17","","ND"
"2017-02-11 20:00","2017","02","11","20:00","-3,5","","-9,4","","64","","22","","7","","","","95,34","","","","-6","","ND"
"2017-02-11 21:00","2017","02","11","21:00","-0,6","","-7,9","","58","","20","","8","","","","95,26","","","","-3","","ND"
"2017-02-11 22:00","2017","02","11","22:00","-0,5","","-8,2","","56","","19","","9","","","","95,23","","","","-4","","ND"
"2017-02-11 23:00","2017","02","11","23:00","-3,8","","-10,3","","61","","19","","7","","","","95,25","","","","-7","","ND"
"2017-02-12 00:00","2017","02","12","00:00","-5,3","","-9,3","","74","","19","","7","","","","95,20","","","","-9","","ND"
"2017-02-12 01:00","2017","02","12","01:00","-6,3","","-9,5","","78","","21","","4","","","","95,16","","","","-8","","ND"
"2017-02-12 02:00","2017","02","12","02:00","-0,6","","-7,9","","58","","20","","12","","","","95,11","","","","-5","","ND"
"2017-02-12 03:00","2017","02","12","03:00","-5,5","","-8,7","","78","","4","","6","","","","95,11","","","","-8","","ND"
"2017-02-12 04:00","2017","02","12","04:00","-7,2","","-10,5","","78","","25","","4","","","","95,07","","","","-9","","ND"
"2017-02-12 05:00","2017","02","12","05:00","-9,4","","-12,3","","79","","0","","1","","","","95,06","","","","-10","","ND"
"2017-02-12 06:00","2017","02","12","06:00","-8,6","","-10,9","","84","","24","","6","","","","95,03","","","","-12","","ND"
"2017-02-12 07:00","2017","02","12","07:00","-8,6","","-10,4","","87","","21","","6","","","","94,97","","","","-12","","ND"
"2017-02-12 08:00","2017","02","12","08:00","-9,0","","-12,0","","79","","0","","1","","","","94,97","","","","-10","","ND"
"2017-02-12 09:00","2017","02","12","09:00","-8,7","","-11,7","","79","","27","","5","","","","94,94","","","","-11","","ND"
"2017-02-12 10:00","2017","02","12","10:00","-2,8","","-8,9","","63","","18","","6","","","","94,93","","","","-5","","ND"
"2017-02-12 11:00","2017","02","12","11:00","5,3","","-6,8","","41","","22","","15","","","","94,96","","","","","","ND"
"2017-02-12 12:00","2017","02","12","12:00","6,8","","-7,3","","36","","22","","11","","","","94,96","","","","","","ND"
"2017-02-12 13:00","2017","02","12","13:00","9,2","","-7,4","","30","","23","","18","","","","95,05","","","","","","ND"
"2017-02-12 14:00","2017","02","12","14:00","8,0","","-7,4","","33","","25","","24","","","","95,20","","","","","","ND"
"2017-02-12 15:00","2017","02","12","15:00","8,6","","-7,2","","32","","24","","19","","","","95,33","","","","","","ND"
"2017-02-12 16:00","2017","02","12","16:00","8,0","","-5,4","","38","","26","","17","","","","95,48","","","","","","ND"
"2017-02-12 17:00","2017","02","12","17:00","7,3","","-5,4","","40","","24","","22","","","","95,55","","","","","","ND"
"2017-02-12 18:00","2017","02","12","18:00","5,8","","-5,4","","44","","24","","14","","","","95,72","","","","","","ND"
"2017-02-12 19:00","2017","02","12","19:00","4,7","","-5,5","","48","","24","","13","","","","95,85","","","","","","ND"
"2017-02-12 20:00","2017","02","12","20:00","4,5","","-4,8","","51","","23","","13","","","","95,98","","","","","","ND"
"2017-02-12 21:00","2017","02","12","21:00","1,8","","-4,6","","62","","16","","5","","","","96,12","","","","","","ND"
"2017-02-12 22:00","2017","02","12","22:00","1,2","","-4,7","","65","","22","","7","","","","96,25","","","","","","ND"
"2017-02-12 23:00","2017","02","12","23:00","-1,5","","-4,8","","78","","19","","8","","","","96,37","","","","-5","","ND"
"2017-02-13 00:00","2017","02","13","00:00","-2,8","","-6,1","","78","","25","","8","","","","96,47","","","","-6","","ND"
"2017-02-13 01:00","2017","02","13","01:00","-2,5","","-5,6","","79","","19","","5","","","","96,55","","","","-4","","ND"
"2017-02-13 02:00","2017","02","13","02:00","-1,2","","-5,1","","75","","18","","7","","","","96,60","","","","-4","","ND"
"2017-02-13 03:00","2017","02","13","03:00","-3,1","","-5,1","","86","","0","","1","","","","96,68","","","","-4","","ND"
"2017-02-13 04:00","2017","02","13","04:00","-3,6","","-6,2","","82","","3","","1","","","","96,73","","","","-4","","ND"
"2017-02-13 05:00","2017","02","13","05:00","-3,4","","-6,2","","81","","21","","2","","","","96,73","","","","-4","","ND"
"2017-02-13 06:00","2017","02","13","06:00","-2,3","","-5,0","","82","","17","","3","","","","96,83","","","","-3","","ND"
"2017-02-13 07:00","2017","02","13","07:00","-2,2","","-4,9","","82","","24","","6","","","","96,84","","","","-5","","ND"
"2017-02-13 08:00","2017","02","13","08:00","-2,1","","-5,3","","79","","19","","6","","","","96,82","","","","-4","","ND"
"2017-02-13 09:00","2017","02","13","09:00","-2,0","","-5,4","","78","","23","","4","","","","96,81","","","","-3","","ND"
"2017-02-13 10:00","2017","02","13","10:00","-1,3","","-5,3","","74","","17","","6","","","","96,67","","","","-4","","ND"
"2017-02-13 11:00","2017","02","13","11:00","-0,7","","-5,0","","73","","18","","4","","","","96,65","","","","-2","","ND"
"2017-02-13 12:00","2017","02","13","12:00","1,1","","-5,0","","64","","36","","2","","","","96,60","","","","","","ND"
"2017-02-13 13:00","2017","02","13","13:00","2,2","","-4,5","","61","","31","","4","","","","96,49","","","","","","ND"
"2017-02-13 14:00","2017","02","13","14:00","3,0","","-3,7","","61","","33","","3","","","","96,44","","","","","","ND"
"2017-02-13 15:00","2017","02","13","15:00","4,6","","-3,6","","55","","28","","6","","","","96,40","","","","","","ND"
"2017-02-13 16:00","2017","02","13","16:00","3,6","","-3,0","","62","","0","","1","","","","96,45","","","","","","ND"
"2017-02-13 17:00","2017","02","13","17:00","2,4","","-3,3","","66","","30","","3","","","","96,40","","","","","","ND"
"2017-02-13 18:00","2017","02","13","18:00","1,7","","-3,3","","70","","22","","6","","","","96,37","","","","","","ND"
"2017-02-13 19:00","2017","02","13","19:00","3,4","","-2,6","","65","","20","","7","","","","96,30","","","","","","ND"
"2017-02-13 20:00","2017","02","13","20:00","1,5","","-2,9","","73","","23","","5","","","","96,27","","","","","","ND"
"2017-02-13 21:00","2017","02","13","21:00","-0,5","","-3,5","","80","","22","","3","","","","96,27","","","","-1","","ND"
"2017-02-13 22:00","2017","02","13","22:00","-0,3","","-4,0","","76","","18","","3","","","","96,21","","","","-1","","ND"
"2017-02-13 23:00","2017","02","13","23:00","-1,6","","-4,7","","79","","24","","4","","","","96,22","","","","-3","","ND"
"2017-02-14 00:00","2017","02","14","00:00","-2,8","","-5,4","","82","","21","","5","","","","96,22","","","","-5","","ND"
"2017-02-14 01:00","2017","02","14","01:00","-3,2","","-4,9","","88","","","","0","","","","96,22","","","","","","ND"
"2017-02-14 02:00","2017","02","14","02:00","-3,9","","-5,5","","88","","23","","5","","","","96,18","","","","-6","","ND"
"2017-02-14 03:00","2017","02","14","03:00","-3,0","","-4,3","","90","","15","","2","","","","96,08","","","","-4","","ND"
"2017-02-14 04:00","2017","02","14","04:00","-4,8","","-6,0","","91","","29","","4","","","","95,99","","","","-7","","ND"
"2017-02-14 05:00","2017","02","14","05:00","-5,9","","-7,5","","88","","31","","3","","","","95,85","","","","-7","","ND"
"2017-02-14 06:00","2017","02","14","06:00","-3,5","","-4,4","","93","","6","","2","","","","95,81","","","","-4","","ND"
"2017-02-14 07:00","2017","02","14","07:00","-3,3","","-3,9","","96","","36","","3","","","","95,69","","","","-5","","ND"
"2017-02-14 08:00","2017","02","14","08:00","-3,0","","-3,5","","96","","32","","6","","","","95,55","","","","-5","","ND"
"2017-02-14 09:00","2017","02","14","09:00","-3,3","","-5,1","","87","","36","","2","","","","95,46","","","","-4","","ND"
"2017-02-14 10:00","2017","02","14","10:00","1,4","","-2,4","","75","","33","","6","","","","95,39","","","","","","ND"
"2017-02-14 11:00","2017","02","14","11:00","4,1","","-1,4","","67","","1","","4","","","","95,36","","","","","","ND"
"2017-02-14 12:00","2017","02","14","12:00","5,4","","-0,6","","65","","1","","4","","","","95,30","","","","","","ND"
"2017-02-14 13:00","2017","02","14","13:00","1,8","","-3,0","","70","","16","","2","","","","95,18","","","","","","ND"
"2017-02-14 14:00","2017","02","14","14:00","0,9","","-3,9","","70","","23","","6","","","","95,20","","","","","","ND"
"2017-02-14 15:00","2017","02","14","15:00","2,0","","-3,8","","66","","25","","5","","","","95,10","","","","","","ND"
"2017-02-14 16:00","2017","02","14","16:00","2,4","","-3,1","","67","","22","","2","","","","95,04","","","","","","ND"
"2017-02-14 17:00","2017","02","14","17:00","2,5","","-2,9","","68","","28","","3","","","","94,92","","","","","","ND"
"2017-02-14 18:00","2017","02","14","18:00","1,1","","-3,1","","74","","17","","5","","","","94,90","","","","","","ND"
"2017-02-14 19:00","2017","02","14","19:00","0,5","","-3,2","","76","","23","","7","","","","94,81","","","","","","ND"
"2017-02-14 20:00","2017","02","14","20:00","1,0","","-2,6","","77","","22","","3","","","","94,75","","","","","","ND"
"2017-02-14 21:00","2017","02","14","21:00","1,5","","-2,5","","74","","18","","7","","","","94,71","","","","","","ND"
"2017-02-14 22:00","2017","02","14","22:00","1,5","","-2,6","","74","","19","","10","","","","94,65","","","","","","ND"
"2017-02-14 23:00","2017","02","14","23:00","0,9","","-2,8","","77","","25","","6","","","","94,61","","","","","","ND"
"2017-02-15 00:00","2017","02","15","00:00","1,1","","-2,9","","75","","16","","5","","","","94,53","","","","","","ND"
"2017-02-15 01:00","2017","02","15","01:00","0,8","","-3,2","","75","","21","","9","","","","94,54","","","","","","ND"
"2017-02-15 02:00","2017","02","15","02:00","-1,7","","-4,6","","80","","23","","7","","","","94,54","","","","-4","","ND"
"2017-02-15 03:00","2017","02","15","03:00","-2,0","","-4,2","","85","","17","","5","","","","94,47","","","","-4","","ND"
"2017-02-15 04:00","2017","02","15","04:00","-3,4","","-4,8","","90","","22","","5","","","","94,49","","","","-5","","ND"
"2017-02-15 05:00","2017","02","15","05:00","-3,5","","-4,6","","92","","25","","3","","","","94,43","","","","-5","","ND"
"2017-02-15 06:00","2017","02","15","06:00","-2,5","","-3,7","","92","","20","","2","","","","94,38","","","","-3","","ND"
"2017-02-15 07:00","2017","02","15","07:00","-2,9","","-4,0","","92","","0","","1","","","","94,35","","","","-3","","ND"
"2017-02-15 08:00","2017","02","15","08:00","-2,8","","-4,1","","91","","","","0","","","","94,28","","","","","","ND"
"2017-02-15 09:00","2017","02","15","09:00","-2,8","","-4,3","","89","","23","","3","","","","94,25","","","","-4","","ND"
"2017-02-15 10:00","2017","02","15","10:00","-1,4","","-3,4","","86","","0","","1","","","","94,16","","","","-2","","ND"
"2017-02-15 11:00","2017","02","15","11:00","-1,1","","-3,2","","86","","19","","7","","","","94,12","","","","-4","","ND"
"2017-02-15 12:00","2017","02","15","12:00","1,7","","-2,7","","73","","0","","1","","","","94,00","","","","","","ND"
"2017-02-15 13:00","2017","02","15","13:00","2,1","","-2,2","","73","","19","","4","","","","93,97","","","","","","ND"
"2017-02-15 14:00","2017","02","15","14:00","2,8","","-2,1","","71","","19","","3","","","","93,94","","","","","","ND"
"2017-02-15 15:00","2017","02","15","15:00","2,6","","-1,5","","75","","36","","3","","","","93,92","","","","","","ND"
"2017-02-15 16:00","2017","02","15","16:00","3,4","","-1,0","","73","","1","","5","","","","93,95","","","","","","ND"
"2017-02-15 17:00","2017","02","15","17:00","3,2","","-0,8","","75","","1","","6","","","","93,93","","","","","","ND"
"2017-02-15 18:00","2017","02","15","18:00","1,2","","-1,4","","83","","20","","3","","","","94,02","","","","","","ND"
"2017-02-15 19:00","2017","02","15","19:00","0,6","","-1,9","","83","","19","","6","","","","94,05","","","","","","ND"
"2017-02-15 20:00","2017","02","15","20:00","-0,1","","-1,9","","88","","19","","6","","","","94,06","","","","-2","","ND"
"2017-02-15 21:00","2017","02","15","21:00","-1,1","","-2,3","","91","","2","","3","","","","94,11","","","","-2","","ND"
"2017-02-15 22:00","2017","02","15","22:00","-1,8","","-2,6","","94","","17","","3","","","","94,14","","","","-3","","ND"
"2017-02-15 23:00","2017","02","15","23:00","-1,7","","-2,3","","96","","13","","4","","","","94,18","","","","-3","","ND"
"2017-02-16 00:00","2017","02","16","00:00","-2,7","","-3,1","","97","","23","","6","","","","94,14","","","","-5","","ND"
"2017-02-16 01:00","2017","02","16","01:00","-3,5","","-3,8","","98","","22","","4","","","","94,13","","","","-5","","ND"
"2017-02-16 02:00","2017","02","16","02:00","-3,7","","-4,2","","97","","19","","7","","","","94,12","","","","-7","","ND"
"2017-02-16 03:00","2017","02","16","03:00","-3,5","","-3,9","","97","","18","","4","","","","94,07","","","","-5","","ND"
"2017-02-16 04:00","2017","02","16","04:00","-4,8","","-5,3","","96","","20","","6","","","","94,04","","","","-8","","ND"
"2017-02-16 05:00","2017","02","16","05:00","-4,8","","-5,4","","95","","23","","2","","","","94,06","","","","-6","","ND"
"2017-02-16 06:00","2017","02","16","06:00","-5,0","","-5,6","","96","","18","","3","","","","94,07","","","","-6","","ND"
"2017-02-16 07:00","2017","02","16","07:00","-5,7","","-6,3","","95","","26","","6","","","","94,05","","","","-9","","ND"
"2017-02-16 08:00","2017","02","16","08:00","-5,5","","-6,2","","95","","19","","5","","","","94,05","","","","-8","","ND"
"2017-02-16 09:00","2017","02","16","09:00","-5,5","","-6,2","","95","","19","","4","","","","94,03","","","","-7","","ND"
"2017-02-16 10:00","2017","02","16","10:00","-4,5","","-5,2","","94","","19","","7","","","","94,04","","","","-8","","ND"
"2017-02-16 11:00","2017","02","16","11:00","-3,4","","-4,6","","91","","21","","5","","","","94,06","","","","-5","","ND"
"2017-02-16 12:00","2017","02","16","12:00","-2,7","","-4,2","","90","","19","","6","","","","94,08","","","","-5","","ND"
"2017-02-16 13:00","2017","02","16","13:00","-1,5","","-3,8","","84","","18","","3","","","","94,08","","","","-3","","ND"
"2017-02-16 14:00","2017","02","16","14:00","-0,6","","-3,5","","80","","17","","5","","","","94,11","","","","-2","","ND"
"2017-02-16 15:00","2017","02","16","15:00","0,2","","-3,4","","77","","0","","1","","","","94,16","","","","","","ND"
"2017-02-16 16:00","2017","02","16","16:00","0,2","","-3,2","","78","","27","","4","","","","94,20","","","","","","ND"
"2017-02-16 17:00","2017","02","16","17:00","-0,8","","-3,2","","83","","","","0","","","","94,26","","","","","","ND"
"2017-02-16 18:00","2017","02","16","18:00","-2,1","","-3,8","","88","","33","","1","","","","94,33","","","","-2","","ND"
"2017-02-16 19:00","2017","02","16","19:00","0,1","","-3,4","","77","","36","","8","","","","94,44","","","","","","ND"
"2017-02-16 20:00","2017","02","16","20:00","-0,6","","-3,4","","81","","35","","10","","","","94,54","","","","-4","","ND"
"2017-02-16 21:00","2017","02","16","21:00","-1,3","","-3,9","","83","","35","","10","","","","94,63","","","","-5","","ND"
"2017-02-16 22:00","2017","02","16","22:00","-2,3","","-4,4","","86","","34","","10","","","","94,73","","","","-6","","ND"
"2017-02-16 23:00","2017","02","16","23:00","-2,9","","-5,0","","86","","34","","8","","","","94,81","","","","-6","","ND"
"2017-02-17 00:00","2017","02","17","00:00","-3,1","","-5,5","","83","","36","","9","","","","94,92","","","","-7","","ND"
"2017-02-17 01:00","2017","02","17","01:00","-3,1","","-6,2","","79","","36","","11","","","","95,00","","","","-7","","ND"
"2017-02-17 02:00","2017","02","17","02:00","-3,5","","-7,1","","76","","36","","9","","","","95,08","","","","-7","","ND"
"2017-02-17 03:00","2017","02","17","03:00","-4,1","","-7,8","","76","","35","","7","","","","95,19","","","","-7","","ND"
"2017-02-17 04:00","2017","02","17","04:00","-4,6","","-8,0","","77","","36","","5","","","","95,26","","","","-7","","ND"
"2017-02-17 05:00","2017","02","17","05:00","-5,0","","-8,4","","77","","36","","4","","","","95,36","","","","-7","","ND"
"2017-02-17 06:00","2017","02","17","06:00","-5,9","","-8,9","","79","","35","","3","","","","95,44","","","","-7","","ND"
"2017-02-17 07:00","2017","02","17","07:00","-5,5","","-8,7","","78","","2","","4","","","","95,50","","","","-7","","ND"
"2017-02-17 08:00","2017","02","17","08:00","-5,5","","-8,9","","77","","3","","4","","","","95,57","","","","-7","","ND"
"2017-02-17 09:00","2017","02","17","09:00","-5,7","","-8,7","","79","","1","","6","","","","95,63","","","","-9","","ND"
"2017-02-17 10:00","2017","02","17","10:00","-5,5","","-8,4","","80","","1","","7","","","","95,68","","","","-9","","ND"
"2017-02-17 11:00","2017","02","17","11:00","-5,1","","-7,7","","82","","2","","5","","","","95,74","","","","-7","","ND"
"2017-02-17 12:00","2017","02","17","12:00","-5,0","","-7,3","","84","","3","","5","","","","95,78","","","","-7","","ND"
"2017-02-17 13:00","2017","02","17","13:00","-4,2","","-7,3","","79","","4","","3","","","","95,81","","","","-5","","ND"
"2017-02-17 14:00","2017","02","17","14:00","-3,7","","-6,7","","80","","6","","2","","","","95,81","","","","-5","","ND"
"2017-02-17 15:00","2017","02","17","15:00","-3,8","","-6,7","","81","","8","","2","","","","95,84","","","","-5","","ND"
"2017-02-17 16:00","2017","02","17","16:00","-3,7","","-6,9","","79","","3","","5","","","","95,88","","","","-6","","ND"
"2017-02-17 17:00","2017","02","17","17:00","-4,0","","-7,1","","79","","2","","5","","","","95,87","","","","-6","","ND"
"2017-02-17 18:00","2017","02","17","18:00","-4,7","","-7,3","","82","","1","","3","","","","95,91","","","","-6","","ND"
"2017-02-17 19:00","2017","02","17","19:00","-5,1","","-7,2","","85","","35","","2","","","","95,94","","","","-6","","ND"
"2017-02-17 20:00","2017","02","17","20:00","-5,3","","-7,3","","86","","19","","2","","","","95,96","","","","-6","","ND"
"2017-02-17 21:00","2017","02","17","21:00","-5,9","","-7,7","","87","","25","","1","","","","95,99","","","","-6","","ND"
"2017-02-17 22:00","2017","02","17","22:00","-6,1","","-7,7","","88","","1","","5","","","","96,03","","","","-9","","ND"
"2017-02-17 23:00","2017","02","17","23:00","-6,1","","-7,7","","89","","1","","5","","","","96,06","","","","-9","","ND"
"2017-02-18 00:00","2017","02","18","00:00","-7,8","","-8,9","","92","","4","","1","","","","96,10","","","","-8","","ND"
"2017-02-18 01:00","2017","02","18","01:00","-8,9","","-9,7","","94","","4","","3","","","","96,11","","","","-11","","ND"
"2017-02-18 02:00","2017","02","18","02:00","-9,7","","-10,6","","93","","0","","1","","","","96,16","","","","-10","","ND"
"2017-02-18 03:00","2017","02","18","03:00","-9,3","","-10,5","","91","","36","","3","","","","96,17","","","","-11","","ND"
"2017-02-18 04:00","2017","02","18","04:00","-10,5","","-11,7","","91","","2","","4","","","","96,18","","","","-13","","ND"
"2017-02-18 05:00","2017","02","18","05:00","-9,4","","-10,7","","91","","34","","4","","","","96,20","","","","-12","","ND"
"2017-02-18 06:00","2017","02","18","06:00","-9,9","","-11,1","","91","","","","0","","","","96,21","","","","","","ND"
"2017-02-18 07:00","2017","02","18","07:00","-9,3","","-10,2","","93","","7","","2","","","","96,18","","","","-10","","ND"
"2017-02-18 08:00","2017","02","18","08:00","-9,6","","-10,8","","91","","33","","1","","","","96,19","","","","-10","","ND"
"2017-02-18 09:00","2017","02","18","09:00","-8,6","","-9,7","","92","","7","","2","","","","96,19","","","","-10","","ND"
"2017-02-18 10:00","2017","02","18","10:00","-8,5","","-9,7","","91","","35","","3","","","","96,20","","","","-10","","ND"
"2017-02-18 11:00","2017","02","18","11:00","-6,6","","-8,6","","86","","1","","4","","","","96,19","","","","-9","","ND"
"2017-02-18 12:00","2017","02","18","12:00","-5,4","","-9,2","","75","","3","","3","","","","96,18","","","","-7","","ND"
"2017-02-18 13:00","2017","02","18","13:00","-4,5","","-9,6","","67","","1","","4","","","","96,17","","","","-6","","ND"
"2017-02-18 14:00","2017","02","18","14:00","-3,4","","-9,8","","61","","4","","5","","","","96,14","","","","-5","","ND"
"2017-02-18 15:00","2017","02","18","15:00","-3,3","","-9,8","","61","","3","","4","","","","96,13","","","","-5","","ND"
"2017-02-18 16:00","2017","02","18","16:00","-3,6","","-9,3","","65","","35","","6","","","","96,11","","","","-6","","ND"
"2017-02-18 17:00","2017","02","18","17:00","-4,2","","-9,3","","68","","36","","6","","","","96,10","","","","-7","","ND"
"2017-02-18 18:00","2017","02","18","18:00","-4,9","","-9,5","","70","","1","","5","","","","96,11","","","","-7","","ND"
"2017-02-18 19:00","2017","02","18","19:00","-5,1","","-9,7","","70","","36","","5","","","","96,12","","","","-7","","ND"
"2017-02-18 20:00","2017","02","18","20:00","-5,3","","-9,6","","72","","1","","6","","","","96,11","","","","-8","","ND"
"2017-02-18 21:00","2017","02","18","21:00","-5,6","","-9,4","","75","","36","","7","","","","96,12","","","","-9","","ND"
"2017-02-18 22:00","2017","02","18","22:00","-5,7","","-10,0","","72","","36","","7","","","","96,13","","","","-9","","ND"
"2017-02-18 23:00","2017","02","18","23:00","-6,3","","-10,4","","73","","36","","7","","","","96,14","","","","-10","","ND"
"2017-02-19 00:00","2017","02","19","00:00","-6,9","","-10,7","","74","","2","","5","","","","96,17","","","","-9","","ND"
"2017-02-19 01:00","2017","02","19","01:00","-7,6","","-11,2","","76","","36","","6","","","","96,19","","","","-11","","ND"
"2017-02-19 02:00","2017","02","19","02:00","-7,9","","-11,1","","77","","36","","6","","","","96,19","","","","-11","","ND"
"2017-02-19 03:00","2017","02","19","03:00","-8,0","","-11,3","","77","","36","","10","","","","96,17","","","","-13","","ND"
"2017-02-19 04:00","2017","02","19","04:00","-8,4","","-11,4","","79","","1","","4","","","","96,19","","","","-11","","ND"
"2017-02-19 05:00","2017","02","19","05:00","-8,4","","-11,6","","78","","36","","8","","","","96,18","","","","-13","","ND"
"2017-02-19 06:00","2017","02","19","06:00","-8,8","","-11,7","","79","","36","","6","","","","96,19","","","","-12","","ND"
"2017-02-19 07:00","2017","02","19","07:00","-9,0","","-11,8","","80","","35","","8","","","","96,20","","","","-13","","ND"
"2017-02-19 08:00","2017","02","19","08:00","-9,5","","-12,0","","81","","1","","6","","","","96,23","","","","-13","","ND"
"2017-02-19 09:00","2017","02","19","09:00","-9,3","","-11,6","","83","","36","","8","","","","96,23","","","","-14","","ND"
"2017-02-19 10:00","2017","02","19","10:00","-8,4","","-11,3","","80","","1","","6","","","","96,24","","","","-12","","ND"
"2017-02-19 11:00","2017","02","19","11:00","-7,5","","-11,3","","74","","33","","5","","","","96,23","","","","-10","","ND"
"2017-02-19 12:00","2017","02","19","12:00","-6,8","","-11,0","","72","","1","","6","","","","96,22","","","","-10","","ND"
"2017-02-19 13:00","2017","02","19","13:00","-6,0","","-10,6","","69","","36","","6","","","","96,18","","","","-9","","ND"
"2017-02-19 14:00","2017","02","19","14:00","-5,9","","-10,2","","72","","1","","9","","","","96,16","","","","-10","","ND"
"2017-02-19 15:00","2017","02","19","15:00","-6,0","","-9,9","","74","","36","","9","","","","96,16","","","","-10","","ND"
"2017-02-19 16:00","2017","02","19","16:00","-6,1","","-9,8","","75","","34","","9","","","","96,16","","","","-10","","ND"
"2017-02-19 17:00","2017","02","19","17:00","-6,2","","-9,2","","79","","36","","4","","","","96,18","","","","-8","","ND"
"2017-02-19 18:00","2017","02","19","18:00","-6,5","","-8,7","","85","","34","","5","","","","96,21","","","","-9","","ND"
"2017-02-19 19:00","2017","02","19","19:00","-6,9","","-8,8","","86","","36","","10","","","","96,20","","","","-12","","ND"
"2017-02-19 20:00","2017","02","19","20:00","-7,5","","-9,2","","88","","36","","9","","","","96,22","","","","-12","","ND"
"2017-02-19 21:00","2017","02","19","21:00","-8,0","","-9,6","","88","","35","","7","","","","96,24","","","","-12","","ND"
"2017-02-19 22:00","2017","02","19","22:00","-8,4","","-9,9","","89","","35","","6","","","","96,27","","","","-12","","ND"
"2017-02-19 23:00","2017","02","19","23:00","-8,7","","-10,2","","89","","34","","7","","","","96,26","","","","-13","","ND"
"2017-02-20 00:00","2017","02","20","00:00","-8,7","","-10,2","","89","","35","","6","","","","96,29","","","","-12","","ND"
"2017-02-20 01:00","2017","02","20","01:00","-9,0","","-10,4","","89","","33","","5","","","","96,32","","","","-12","","ND"
"2017-02-20 02:00","2017","02","20","02:00","-9,0","","-10,5","","89","","34","","5","","","","96,31","","","","-12","","ND"
"2017-02-20 03:00","2017","02","20","03:00","-9,2","","-10,8","","88","","34","","6","","","","96,30","","","","-13","","ND"
"2017-02-20 04:00","2017","02","20","04:00","-9,4","","-10,9","","89","","1","","4","","","","96,29","","","","-12","","ND"
"2017-02-20 05:00","2017","02","20","05:00","-9,8","","-11,7","","87","","36","","7","","","","96,30","","","","-14","","ND"
"2017-02-20 06:00","2017","02","20","06:00","-10,2","","-12,2","","86","","35","","7","","","","96,29","","","","-14","","ND"
"2017-02-20 07:00","2017","02","20","07:00","-10,6","","-12,3","","88","","1","","4","","","","96,33","","","","-13","","ND"
"2017-02-20 08:00","2017","02","20","08:00","-10,7","","-12,3","","88","","33","","5","","","","96,32","","","","-14","","ND"
"2017-02-20 09:00","2017","02","20","09:00","-10,5","","-12,8","","83","","34","","6","","","","96,33","","","","-14","","ND"
"2017-02-20 10:00","2017","02","20","10:00","-10,3","","-12,8","","82","","35","","10","","","","96,32","","","","-16","","ND"
"2017-02-20 11:00","2017","02","20","11:00","-10,0","","-12,7","","80","","36","","7","","","","96,31","","","","-14","","ND"
"2017-02-20 12:00","2017","02","20","12:00","-9,6","","-12,5","","79","","36","","7","","","","96,31","","","","-14","","ND"
"2017-02-20 13:00","2017","02","20","13:00","-9,1","","-12,4","","77","","1","","7","","","","96,30","","","","-13","","ND"
"2017-02-20 14:00","2017","02","20","14:00","-9,0","","-12,1","","78","","3","","9","","","","96,29","","","","-14","","ND"
"2017-02-20 15:00","2017","02","20","15:00","-8,5","","-12,6","","72","","35","","10","","","","96,32","","","","-13","","ND"
"2017-02-20 16:00","2017","02","20","16:00","-8,8","","-12,1","","77","","2","","6","","","","96,35","","","","-12","","ND"
"2017-02-20 17:00","2017","02","20","17:00","-9,6","","-12,0","","83","","1","","3","","","","96,35","","","","-11","","ND"
"2017-02-20 18:00","2017","02","20","18:00","-10,1","","-11,7","","88","","36","","2","","","","96,36","","","","-11","","ND"
"2017-02-20 19:00","2017","02","20","19:00","-10,1","","-11,6","","89","","30","","3","","","","96,38","","","","-12","","ND"
"2017-02-20 20:00","2017","02","20","20:00","-10,8","","-12,1","","90","","","","0","","","","96,40","","","","","","ND"
"2017-02-20 21:00","2017","02","20","21:00","-10,3","","-11,9","","89","","28","","4","","","","96,38","","","","-13","","ND"
"2017-02-20 22:00","2017","02","20","22:00","-10,5","","-11,9","","89","","26","","2","","","","96,39","","","","-12","","ND"
"2017-02-20 23:00","2017","02","20","23:00","-10,5","","-12,1","","88","","32","","3","","","","96,39","","","","-12","","ND"
"2017-02-21 00:00","2017","02","21","00:00","-11,4","","-12,8","","90","","23","","3","","","","96,40","","","","-13","","ND"
"2017-02-21 01:00","2017","02","21","01:00","-11,7","","-12,6","","93","","22","","2","","","","96,42","","","","-13","","ND"
"2017-02-21 02:00","2017","02","21","02:00","-11,8","","-13,0","","91","","21","","3","","","","96,43","","","","-14","","ND"
"2017-02-21 03:00","2017","02","21","03:00","-12,3","","-13,6","","90","","21","","4","","","","96,45","","","","-15","","ND"
"2017-02-21 04:00","2017","02","21","04:00","-12,6","","-14,0","","89","","19","","4","","","","96,46","","","","-15","","ND"
"2017-02-21 05:00","2017","02","21","05:00","-12,7","","-14,1","","89","","20","","5","","","","96,48","","","","-16","","ND"
"2017-02-21 06:00","2017","02","21","06:00","-13,0","","-14,4","","89","","20","","4","","","","96,48","","","","-16","","ND"
"2017-02-21 07:00","2017","02","21","07:00","-13,1","","-14,5","","89","","20","","4","","","","96,49","","","","-16","","ND"
"2017-02-21 08:00","2017","02","21","08:00","-13,4","","-15,0","","88","","23","","4","","","","96,51","","","","-16","","ND"
"2017-02-21 09:00","2017","02","21","09:00","-12,9","","-14,8","","86","","21","","5","","","","96,56","","","","-16","","ND"
"2017-02-21 10:00","2017","02","21","10:00","-11,4","","-14,0","","81","","18","","3","","","","96,59","","","","-13","","ND"
"2017-02-21 11:00","2017","02","21","11:00","-9,5","","-13,1","","75","","20","","2","","","","96,61","","","","-11","","ND"
"2017-02-21 12:00","2017","02","21","12:00","-6,5","","-10,7","","72","","12","","2","","","","96,62","","","","-7","","ND"
"2017-02-21 13:00","2017","02","21","13:00","-4,8","","-8,7","","74","","1","","3","","","","96,63","","","","-6","","ND"
"2017-02-21 14:00","2017","02","21","14:00","-5,2","","-9,0","","74","","35","","10","","","","96,66","","","","-10","","ND"
"2017-02-21 15:00","2017","02","21","15:00","-4,7","","-9,2","","71","","33","","9","","","","96,72","","","","-9","","ND"
"2017-02-21 16:00","2017","02","21","16:00","-4,9","","-8,4","","76","","33","","8","","","","96,77","","","","-8","","ND"
"2017-02-21 17:00","2017","02","21","17:00","-5,4","","-8,3","","80","","33","","7","","","","96,83","","","","-9","","ND"
"2017-02-21 18:00","2017","02","21","18:00","-6,4","","-8,5","","84","","33","","4","","","","96,89","","","","-8","","ND"
"2017-02-21 19:00","2017","02","21","19:00","-6,6","","-8,0","","90","","1","","4","","","","96,94","","","","-9","","ND"
"2017-02-21 20:00","2017","02","21","20:00","-6,8","","-8,4","","88","","36","","8","","","","97,00","","","","-11","","ND"
"2017-02-21 21:00","2017","02","21","21:00","-7,6","","-8,6","","92","","32","","2","","","","97,06","","","","-9","","ND"
"2017-02-21 22:00","2017","02","21","22:00","-8,1","","-9,1","","93","","35","","4","","","","97,15","","","","-10","","ND"
"2017-02-21 23:00","2017","02","21","23:00","-8,4","","-9,7","","90","","33","","6","","","","97,20","","","","-12","","ND"
"2017-02-22 00:00","2017","02","22","00:00","-9,2","","-10,5","","90","","31","","7","","","","97,28","","","","-13","","ND"
"2017-02-22 01:00","2017","02","22","01:00","-8,9","","-10,5","","88","","33","","10","","","","97,37","","","","-14","","ND"
"2017-02-22 02:00","2017","02","22","02:00","-9,1","","-10,7","","88","","33","","6","","","","97,46","","","","-12","","ND"
"2017-02-22 03:00","2017","02","22","03:00","-9,5","","-11,0","","89","","35","","4","","","","97,50","","","","-12","","ND"
"2017-02-22 04:00","2017","02","22","04:00","-10,3","","-11,5","","90","","0","","1","","","","97,55","","","","-11","","ND"
"2017-02-22 05:00","2017","02","22","05:00","-10,5","","-11,7","","91","","2","","2","","","","97,60","","","","-12","","ND"
"2017-02-22 06:00","2017","02","22","06:00","-11,9","","-12,8","","93","","","","0","","","","97,62","","","","","","ND"
"2017-02-22 07:00","2017","02","22","07:00","-12,9","","-14,1","","90","","24","","2","","","","97,62","","","","-14","","ND"
"2017-02-22 08:00","2017","02","22","08:00","-13,3","","-14,7","","89","","28","","1","","","","97,65","","","","-14","","ND"
"2017-02-22 09:00","2017","02","22","09:00","-11,3","","-12,7","","89","","5","","3","","","","97,66","","","","-13","","ND"
"2017-02-22 10:00","2017","02","22","10:00","-9,8","","-13,0","","77","","22","","3","","","","97,70","","","","-12","","ND"
"2017-02-22 11:00","2017","02","22","11:00","-8,4","","-11,9","","76","","0","","1","","","","97,70","","","","-9","","ND"
"2017-02-22 12:00","2017","02","22","12:00","-7,6","","-11,1","","75","","17","","4","","","","97,67","","","","-10","","ND"
"2017-02-22 13:00","2017","02","22","13:00","-6,5","","-10,9","","71","","16","","4","","","","97,65","","","","-8","","ND"
"2017-02-22 14:00","2017","02","22","14:00","-5,0","","-10,4","","66","","15","","3","","","","97,64","","","","-6","","ND"
"2017-02-22 15:00","2017","02","22","15:00","-4,1","","-10,3","","62","","11","","2","","","","97,61","","","","-5","","ND"
"2017-02-22 16:00","2017","02","22","16:00","-3,9","","-10,1","","62","","6","","2","","","","97,58","","","","-5","","ND"
"2017-02-22 17:00","2017","02","22","17:00","-4,9","","-9,3","","71","","0","","1","","","","97,56","","","","-5","","ND"
"2017-02-22 18:00","2017","02","22","18:00","-6,6","","-10,0","","77","","13","","3","","","","97,56","","","","-8","","ND"
"2017-02-22 19:00","2017","02","22","19:00","-9,6","","-11,1","","88","","21","","3","","","","97,53","","","","-11","","ND"
"2017-02-22 20:00","2017","02","22","20:00","-10,7","","-11,9","","91","","","","0","","","","97,52","","","","","","ND"
"2017-02-22 21:00","2017","02","22","21:00","-12,2","","-13,3","","91","","","","0","","","","97,53","","","","","","ND"
"2017-02-22 22:00","2017","02","22","22:00","-13,0","","-14,1","","91","","8","","2","","","","97,52","","","","-14","","ND"
"2017-02-22 23:00","2017","02","22","23:00","-14,2","","-15,4","","90","","22","","5","","","","97,51","","","","-18","","ND"
"2017-02-23 00:00","2017","02","23","00:00","-14,5","","-15,9","","89","","","","0","","","","97,52","","","","","","ND"
"2017-02-23 01:00","2017","02","23","01:00","-14,2","","-15,7","","89","","17","","3","","","","97,54","","","","-16","","ND"
"2017-02-23 02:00","2017","02","23","02:00","-14,9","","-16,4","","88","","20","","5","","","","97,55","","","","-18","","ND"
"2017-02-23 03:00","2017","02","23","03:00","-15,7","","-17,4","","87","","22","","5","","","","97,55","","","","-19","","ND"
"2017-02-23 04:00","2017","02","23","04:00","-15,9","","-17,5","","87","","23","","2","","","","97,52","","","","-17","","ND"
"2017-02-23 05:00","2017","02","23","05:00","-17,2","","-19,2","","85","","18","","1","","","","97,52","","","","-18","","ND"
"2017-02-23 06:00","2017","02","23","06:00","-17,0","","-18,7","","87","","0","","1","","","","97,55","","","","-18","","ND"
"2017-02-23 07:00","2017","02","23","07:00","-15,5","","-17,1","","88","","17","","1","","","","97,59","","","","-16","","ND"
"2017-02-23 08:00","2017","02","23","08:00","-15,3","","-16,9","","87","","","","0","","","","97,61","","","","","","ND"
"2017-02-23 09:00","2017","02","23","09:00","-13,9","","-15,4","","88","","19","","2","","","","97,65","","","","-15","","ND"
"2017-02-23 10:00","2017","02","23","10:00","-12,3","","-13,7","","89","","","","0","","","","97,67","","","","","","ND"
"2017-02-23 11:00","2017","02","23","11:00","-11,1","","-12,5","","89","","6","","1","","","","97,70","","","","-12","","ND"
"2017-02-23 12:00","2017","02","23","12:00","-6,9","","-10,4","","76","","35","","11","","","","97,72","","","","-12","","ND"
"2017-02-23 13:00","2017","02","23","13:00","-6,8","","-10,5","","75","","36","","8","","","","97,78","","","","-11","","ND"
"2017-02-23 14:00","2017","02","23","14:00","-5,9","","-11,2","","66","","36","","10","","","","97,82","","","","-10","","ND"
"2017-02-23 15:00","2017","02","23","15:00","-5,8","","-11,0","","67","","34","","12","","","","97,86","","","","-11","","ND"
"2017-02-23 16:00","2017","02","23","16:00","-6,1","","-10,8","","70","","33","","10","","","","97,93","","","","-11","","ND"
"2017-02-23 17:00","2017","02","23","17:00","-6,7","","-11,2","","71","","33","","8","","","","98,01","","","","-11","","ND"
"2017-02-23 18:00","2017","02","23","18:00","-6,8","","-11,3","","70","","35","","10","","","","98,09","","","","-11","","ND"
"2017-02-23 19:00","2017","02","23","19:00","-7,7","","-12,1","","71","","34","","9","","","","98,16","","","","-12","","ND"
"2017-02-23 20:00","2017","02","23","20:00","-8,3","","-12,1","","74","","35","","7","","","","98,22","","","","-12","","ND"
"2017-02-23 21:00","2017","02","23","21:00","-9,9","","-13,0","","78","","35","","6","","","","98,30","","","","-13","","ND"
"2017-02-23 22:00","2017","02","23","22:00","-10,3","","-13,1","","80","","35","","9","","","","98,37","","","","-15","","ND"
"2017-02-23 23:00","2017","02","23","23:00","-12,0","","-14,5","","82","","34","","8","","","","98,43","","","","-17","","ND"
"2017-02-24 00:00","2017","02","24","00:00","-11,9","","-14,8","","79","","35","","10","","","","98,46","","","","-18","","ND"
"2017-02-24 01:00","2017","02","24","01:00","-15,0","","-16,8","","86","","","","0","","","","98,49","","","","","","ND"
"2017-02-24 02:00","2017","02","24","02:00","-16,2","","-17,6","","89","","0","","1","","","","98,50","","","","-17","","ND"
"2017-02-24 03:00","2017","02","24","03:00","-17,5","","-18,9","","89","","2","","2","","","","98,52","","","","-19","","ND"
"2017-02-24 04:00","2017","02","24","04:00","-19,2","","-20,9","","87","","34","","5","","","","98,45","","","","-23","","ND"
"2017-02-24 05:00","2017","02","24","05:00","-20,1","","-22,0","","85","","22","","2","","","","98,41","","","","-22","","ND"
"2017-02-24 06:00","2017","02","24","06:00","-21,8","","-24,2","","81","","28","","2","","","","98,38","","","","-24","","ND"
"2017-02-24 07:00","2017","02","24","07:00","-22,6","","-25,0","","81","","0","","1","","","","98,31","","","","-24","","ND"
"2017-02-24 08:00","2017","02","24","08:00","-22,6","","-25,0","","81","","17","","1","","","","98,21","","","","-24","","ND"
"2017-02-24 09:00","2017","02","24","09:00","-18,2","","-20,2","","84","","19","","6","","","","98,12","","","","-23","","ND"
"2017-02-24 10:00","2017","02","24","10:00","-16,1","","-18,8","","79","","21","","7","","","","98,02","","","","-21","","ND"
"2017-02-24 11:00","2017","02","24","11:00","-13,6","","-18,0","","70","","18","","7","","","","97,90","","","","-18","","ND"
"2017-02-24 12:00","2017","02","24","12:00","-10,3","","-15,9","","63","","18","","8","","","","97,81","","","","-15","","ND"
"2017-02-24 13:00","2017","02","24","13:00","-7,9","","-15,7","","54","","18","","4","","","","97,64","","","","-10","","ND"
"2017-02-24 14:00","2017","02","24","14:00","-5,7","","-15,4","","46","","21","","1","","","","97,55","","","","-6","","ND"
"2017-02-24 15:00","2017","02","24","15:00","-4,6","","-15,0","","44","","18","","4","","","","97,42","","","","-6","","ND"
"2017-02-24 16:00","2017","02","24","16:00","-3,8","","-14,8","","42","","17","","3","","","","97,30","","","","-5","","ND"
"2017-02-24 17:00","2017","02","24","17:00","-4,7","","-15,0","","44","","18","","5","","","","97,22","","","","-7","","ND"
"2017-02-24 18:00","2017","02","24","18:00","-5,3","","-15,0","","46","","22","","5","","","","97,12","","","","-8","","ND"
"2017-02-24 19:00","2017","02","24","19:00","-7,9","","-14,9","","57","","20","","5","","","","97,02","","","","-11","","ND"
"2017-02-24 20:00","2017","02","24","20:00","-9,2","","-15,1","","62","","21","","3","","","","96,92","","","","-11","","ND"
"2017-02-24 21:00","2017","02","24","21:00","-5,9","","-14,6","","50","","19","","7","","","","96,82","","","","-9","","ND"
"2017-02-24 22:00","2017","02","24","22:00","-6,2","","-15,2","","49","","23","","7","","","","96,73","","","","-10","","ND"
"2017-02-24 23:00","2017","02","24","23:00","-7,0","","-15,6","","50","","22","","8","","","","96,67","","","","-11","","ND"
"2017-02-25 00:00","2017","02","25","00:00","-8,4","","-15,8","","55","","22","","3","","","","96,64","","","","-10","","ND"
"2017-02-25 01:00","2017","02","25","01:00","-8,6","","-14,5","","62","","21","","11","","","","96,56","","","","-14","","ND"
"2017-02-25 02:00","2017","02","25","02:00","-8,7","","-14,0","","66","","20","","6","","","","96,52","","","","-12","","ND"
"2017-02-25 03:00","2017","02","25","03:00","-8,5","","-14,0","","64","","20","","3","","","","96,51","","","","-10","","ND"
"2017-02-25 04:00","2017","02","25","04:00","-8,2","","-13,6","","65","","21","","6","","","","96,47","","","","-11","","ND"
"2017-02-25 05:00","2017","02","25","05:00","-8,8","","-12,1","","77","","20","","1","","","","96,47","","","","-9","","ND"
"2017-02-25 06:00","2017","02","25","06:00","-9,2","","-10,6","","89","","5","","3","","","","96,44","","","","-11","","ND"
"2017-02-25 07:00","2017","02","25","07:00","-8,9","","-10,1","","91","","3","","4","","","","96,46","","","","-11","","ND"
"2017-02-25 08:00","2017","02","25","08:00","-8,5","","-9,8","","91","","1","","5","","","","96,50","","","","-11","","ND"
"2017-02-25 09:00","2017","02","25","09:00","-7,8","","-9,1","","90","","1","","4","","","","96,57","","","","-10","","ND"
"2017-02-25 10:00","2017","02","25","10:00","-6,6","","-8,0","","90","","1","","6","","","","96,66","","","","-10","","ND"
"2017-02-25 11:00","2017","02","25","11:00","-5,3","","-6,6","","90","","36","","6","","","","96,75","","","","-8","","ND"
"2017-02-25 12:00","2017","02","25","12:00","-4,2","","-5,8","","88","","2","","5","","","","96,86","","","","-6","","ND"
"2017-02-25 13:00","2017","02","25","13:00","-3,5","","-5,2","","88","","35","","5","","","","96,94","","","","-6","","ND"
"2017-02-25 14:00","2017","02","25","14:00","-3,2","","-5,1","","87","","35","","9","","","","96,99","","","","-7","","ND"
"2017-02-25 15:00","2017","02","25","15:00","-2,8","","-5,5","","82","","33","","9","","","","97,07","","","","-6","","ND"
"2017-02-25 16:00","2017","02","25","16:00","-3,1","","-5,9","","81","","33","","13","","","","97,16","","","","-8","","ND"
"2017-02-25 17:00","2017","02","25","17:00","-3,3","","-5,5","","85","","35","","10","","","","97,28","","","","-7","","ND"
"2017-02-25 18:00","2017","02","25","18:00","-4,5","","-8,2","","75","","36","","12","","","","97,41","","","","-9","","ND"
"2017-02-25 19:00","2017","02","25","19:00","-5,4","","-9,3","","74","","1","","9","","","","97,50","","","","-9","","ND"
"2017-02-25 20:00","2017","02","25","20:00","-6,1","","-11,7","","65","","36","","19","","","","97,60","","","","-13","","ND"
"2017-02-25 21:00","2017","02","25","21:00","-7,1","","-12,5","","66","","36","","15","","","","97,68","","","","-13","","ND"
"2017-02-25 22:00","2017","02","25","22:00","-7,7","","-12,5","","68","","34","","7","","","","97,70","","","","-11","","ND"
"2017-02-25 23:00","2017","02","25","23:00","-7,9","","-13,2","","66","","36","","8","","","","97,74","","","","-12","","ND"
"2017-02-26 00:00","2017","02","26","00:00","-8,3","","-13,2","","68","","34","","7","","","","97,78","","","","-12","","ND"
"2017-02-26 01:00","2017","02","26","01:00","-9,8","","-12,8","","79","","32","","8","","","","97,81","","","","-14","","ND"
"2017-02-26 02:00","2017","02","26","02:00","-10,1","","-13,2","","78","","36","","3","","","","97,80","","","","-12","","ND"
"2017-02-26 03:00","2017","02","26","03:00","-10,9","","-13,2","","83","","4","","2","","","","97,78","","","","-12","","ND"
"2017-02-26 04:00","2017","02","26","04:00","-11,9","","-13,3","","89","","5","","2","","","","97,71","","","","-13","","ND"
"2017-02-26 05:00","2017","02","26","05:00","-12,6","","-13,9","","90","","2","","3","","","","97,65","","","","-15","","ND"
"2017-02-26 06:00","2017","02","26","06:00","-12,3","","-13,9","","88","","17","","6","","","","97,54","","","","-16","","ND"
"2017-02-26 07:00","2017","02","26","07:00","-13,2","","-14,8","","88","","19","","8","","","","97,43","","","","-18","","ND"
"2017-02-26 08:00","2017","02","26","08:00","-13,8","","-15,2","","89","","18","","8","","","","97,32","","","","-19","","ND"
"2017-02-26 09:00","2017","02","26","09:00","-12,7","","-15,0","","83","","18","","11","","","","97,21","","","","-19","","ND"
"2017-02-26 10:00","2017","02","26","10:00","-10,6","","-13,9","","77","","19","","11","","","","97,07","","","","-16","","ND"
"2017-02-26 11:00","2017","02","26","11:00","-8,4","","-13,1","","69","","19","","10","","","","96,91","","","","-13","","ND"
"2017-02-26 12:00","2017","02","26","12:00","-6,8","","-12,7","","63","","22","","9","","","","96,78","","","","-11","","ND"
"2017-02-26 13:00","2017","02","26","13:00","-5,8","","-11,6","","64","","22","","8","","","","96,62","","","","-10","","ND"
"2017-02-26 14:00","2017","02","26","14:00","-5,2","","-10,6","","65","","21","","8","","","","96,47","","","","-9","","ND"
"2017-02-26 15:00","2017","02","26","15:00","-4,7","","-10,2","","66","","","","0","","","","96,36","","","","","","ND"
"2017-02-26 16:00","2017","02","26","16:00","-4,3","","-9,3","","68","","15","","3","","","","96,27","","","","-6","","ND"
"2017-02-26 17:00","2017","02","26","17:00","-4,6","","-7,6","","80","","17","","5","","","","96,21","","","","-7","","ND"
"2017-02-26 18:00","2017","02","26","18:00","-5,1","","-6,4","","91","","20","","4","","","","96,15","","","","-7","","ND"
"2017-02-26 19:00","2017","02","26","19:00","-5,0","","-6,2","","91","","23","","8","","","","96,09","","","","-9","","ND"
"2017-02-26 20:00","2017","02","26","20:00","-5,6","","-7,1","","89","","30","","4","","","","96,05","","","","-7","","ND"
"2017-02-26 21:00","2017","02","26","21:00","-5,2","","-6,3","","92","","34","","4","","","","96,03","","","","-7","","ND"
"2017-02-26 22:00","2017","02","26","22:00","-5,9","","-6,6","","95","","","","0","","","","96,02","","","","","","ND"
"2017-02-26 23:00","2017","02","26","23:00","-7,2","","-7,9","","95","","32","","3","","","","96,01","","","","-9","","ND"
"2017-02-27 00:00","2017","02","27","00:00","-9,2","","-9,9","","95","","25","","3","","","","96,00","","","","-11","","ND"
"2017-02-27 01:00","2017","02","27","01:00","-10,3","","-11,3","","93","","","","0","","","","96,01","","","","","","ND"
"2017-02-27 02:00","2017","02","27","02:00","-11,2","","-12,2","","92","","30","","3","","","","96,05","","","","-13","","ND"
"2017-02-27 03:00","2017","02","27","03:00","-10,5","","-11,6","","92","","13","","4","","","","96,09","","","","-13","","ND"
"2017-02-27 04:00","2017","02","27","04:00","-11,5","","-12,7","","91","","13","","3","","","","96,12","","","","-13","","ND"
"2017-02-27 05:00","2017","02","27","05:00","-11,7","","-12,9","","91","","36","","8","","","","96,23","","","","-16","","ND"
"2017-02-27 06:00","2017","02","27","06:00","-13,6","","-15,1","","89","","4","","10","","","","96,29","","","","-20","","ND"
"2017-02-27 07:00","2017","02","27","07:00","-13,6","","-15,1","","89","","35","","8","","","","96,38","","","","-19","","ND"
"2017-02-27 08:00","2017","02","27","08:00","-14,6","","-16,2","","88","","33","","13","","","","96,44","","","","-22","","ND"
"2017-02-27 09:00","2017","02","27","09:00","-15,6","","-17,4","","86","","34","","14","","","","96,52","","","","-23","","ND"
"2017-02-27 10:00","2017","02","27","10:00","-16,0","","-17,8","","86","","35","","10","","","","96,57","","","","-22","","ND"
"2017-02-27 11:00","2017","02","27","11:00","-16,3","","-18,3","","85","","35","","12","","","","96,60","","","","-24","","ND"
"2017-02-27 12:00","2017","02","27","12:00","-16,2","","-18,3","","84","","34","","9","","","","96,62","","","","-22","","ND"
"2017-02-27 13:00","2017","02","27","13:00","-16,1","","-18,6","","81","","36","","9","","","","96,63","","","","-22","","ND"
"2017-02-27 14:00","2017","02","27","14:00","-15,5","","-18,0","","82","","36","","7","","","","96,61","","","","-20","","ND"
"2017-02-27 15:00","2017","02","27","15:00","-15,1","","-17,8","","80","","34","","8","","","","96,60","","","","-20","","ND"
"2017-02-27 16:00","2017","02","27","16:00","-15,0","","-18,1","","77","","35","","8","","","","96,60","","","","-20","","ND"
"2017-02-27 17:00","2017","02","27","17:00","-14,9","","-17,8","","79","","36","","4","","","","96,59","","","","-18","","ND"
"2017-02-27 18:00","2017","02","27","18:00","-14,9","","-17,8","","79","","35","","4","","","","96,60","","","","-18","","ND"
"2017-02-27 19:00","2017","02","27","19:00","-15,1","","-17,7","","81","","36","","2","","","","96,58","","","","-17","","ND"
"2017-02-27 20:00","2017","02","27","20:00","-15,8","","-17,8","","85","","35","","2","","","","96,58","","","","-17","","ND"
"2017-02-27 21:00","2017","02","27","21:00","-16,6","","-18,7","","84","","3","","4","","","","96,59","","","","-20","","ND"
"2017-02-27 22:00","2017","02","27","22:00","-16,0","","-18,1","","84","","6","","4","","","","96,59","","","","-19","","ND"
"2017-02-27 23:00","2017","02","27","23:00","-16,2","","-18,7","","81","","9","","5","","","","96,58","","","","-20","","ND"
"2017-02-28 00:00","2017","02","28","00:00","-16,5","","-19,0","","81","","10","","4","","","","96,57","","","","-20","","ND"
"2017-02-28 01:00","2017","02","28","01:00","-17,1","","-19,5","","81","","9","","4","","","","96,59","","","","-20","","ND"
"2017-02-28 02:00","2017","02","28","02:00","-17,5","","-20,4","","78","","11","","6","","","","96,59","","","","-22","","ND"
"2017-02-28 03:00","2017","02","28","03:00","-17,8","","-20,4","","80","","10","","5","","","","96,59","","","","-22","","ND"
"2017-02-28 04:00","2017","02","28","04:00","-18,0","","-20,8","","79","","10","","6","","","","96,60","","","","-23","","ND"
"2017-02-28 05:00","2017","02","28","05:00","-18,4","","-21,0","","80","","9","","5","","","","96,63","","","","-22","","ND"
"2017-02-28 06:00","2017","02","28","06:00","-18,7","","-21,4","","79","","8","","5","","","","96,66","","","","-23","","ND"
"2017-02-28 07:00","2017","02","28","07:00","-19,2","","-21,8","","80","","4","","7","","","","96,71","","","","-25","","ND"
"2017-02-28 08:00","2017","02","28","08:00","-19,4","","-22,3","","78","","5","","7","","","","96,78","","","","-25","","ND"
"2017-02-28 09:00","2017","02","28","09:00","-19,5","","-22,8","","75","","5","","9","","","","96,82","","","","-26","","ND"
"2017-02-28 10:00","2017","02","28","10:00","-18,8","","-22,8","","70","","6","","8","","","","96,87","","","","-25","","ND"
"2017-02-28 11:00","2017","02","28","11:00","-18,3","","-22,3","","70","","6","","6","","","","96,89","","","","-23","","ND"
"2017-02-28 12:00","2017","02","28","12:00","-17,6","","-21,5","","72","","3","","5","","","","96,93","","","","-22","","ND"
"2017-02-28 13:00","2017","02","28","13:00","-17,2","","-21,2","","71","","36","","8","","","","96,95","","","","-23","","ND"
"2017-02-28 14:00","2017","02","28","14:00","-16,5","","-21,3","","66","","2","","6","","","","96,96","","","","-21","","ND"
"2017-02-28 15:00","2017","02","28","15:00","-15,8","","-20,2","","69","","2","","8","","","","96,97","","","","-21","","ND"
"2017-02-28 16:00","2017","02","28","16:00","-15,6","","-20,1","","68","","3","","5","","","","97,00","","","","-19","","ND"
"2017-02-28 17:00","2017","02","28","17:00","-15,7","","-18,3","","80","","2","","6","","","","97,05","","","","-20","","ND"
"2017-02-28 18:00","2017","02","28","18:00","-15,9","","-19,0","","77","","6","","6","","","","97,16","","","","-20","","ND"
"2017-02-28 19:00","2017","02","28","19:00","-16,9","","-20,0","","77","","4","","10","","","","97,23","","","","-24","","ND"
"2017-02-28 20:00","2017","02","28","20:00","-17,6","","-20,7","","77","","2","","6","","","","97,31","","","","-22","","ND"
"2017-02-28 21:00","2017","02","28","21:00","-18,2","","-21,2","","77","","2","","6","","","","97,41","","","","-23","","ND"
"2017-02-28 22:00","2017","02","28","22:00","-19,1","","-22,5","","74","","5","","7","","","","97,50","","","","-25","","ND"
"2017-02-28 23:00","2017","02","28","23:00","-19,5","","-22,3","","78","","1","","3","","","","97,59","","","","-22","","ND"
